{"Keys":["com.unity.services.analytics.version","com.unity.remote-config-runtime.version","com.unity.services.cloudcode.version","com.unity.services.qos.version","com.unity.services.ccd.management.version","com.unity.services.lobby.version","com.unity.services.economy.version","com.unity.services.core.version","com.unity.services.authentication.version","com.unity.services.relay.version","com.unity.services.cloudsave.version"],"Values":[{"m_Value":"4.0.1","m_IsReadOnly":true},{"m_Value":"3.1.0","m_IsReadOnly":true},{"m_Value":"2.0.0","m_IsReadOnly":true},{"m_Value":"1.0.1","m_IsReadOnly":true},{"m_Value":"2.1.0","m_IsReadOnly":true},{"m_Value":"1.0.1","m_IsReadOnly":true},{"m_Value":"2.0.3","m_IsReadOnly":true},{"m_Value":"1.4.0","m_IsReadOnly":true},{"m_Value":"2.0.0","m_IsReadOnly":true},{"m_Value":"1.0.3","m_IsReadOnly":true},{"m_Value":"2.0.0","m_IsReadOnly":true}]}